<?xml version="1.0" encoding="UTF-8" standalone="yes"?>
<addon id="service.fd628" name="FD628 Display" version="1.1.101" provider-name="Team LibreELEC">
  <requires>
    <import addon="xbmc.python" version="2.1.0"/>
  </requires>
  <extension point="xbmc.service" library="resources/lib/service.py" start="startup">
    </extension>
  <extension point="xbmc.addon.metadata">
    <summary>Service for controlling FD628 VFD display icons</summary>
    <description>Service for controlling FD628 VFD display icons, e.g. Ethernet/WiFi connection status and Time</description>
    <platform>all</platform>
    <assets>
      <icon>resources/icon.png</icon>
    </assets>
  </extension>
</addon>
