<?xml version="1.0" encoding="UTF-8" standalone="yes"?>
<addon id="virtual.game-tools"
       name="Game Tools"
       version="9.0.102"
       provider-name="Team CoreELEC">
  <requires>
    <import addon="xbmc.python" version="2.1.0"/>

  </requires>
  <extension point="xbmc.python.script" library="default.py">
    <provides></provides>
  </extension>
  <extension point="xbmc.addon.metadata">
    <summary>A bundle of game tools and programs</summary>
    <description>
This bundle currently includes bchunk, ecm-tools, iat, and linuxconsoletools
    </description>
    <disclaimer>

    </disclaimer>
    <platform>all</platform>
    <news>
9.0.100
- Initial Release
    </news>
    <assets>
      <icon>resources/icon.png</icon>
      <fanart>resources/fanart.png</fanart>

    </assets>
  </extension>
</addon>
