<?xml version="1.0" encoding="UTF-8" standalone="yes"?>
<addon id="service.emby"
       name="Emby Server"
       version="9.0.119"
       provider-name="Anton Voyl (awiouy)">
  <requires>
    <import addon="xbmc.python" version="2.1.0"/>

    <import addon="tools.ffmpeg-tools" version="0.0.0" />
    <import addon="tools.mono" version="0.0.0" />
  </requires>
  <extension point="xbmc.service" library="default.py">
    <provides></provides>
  </extension>
  <extension point="xbmc.addon.metadata">
    <summary>Emby Server: a personal media server</summary>
    <description>
Emby Server (3.4.1.6) brings your home videos, music, and photos together, automatically converting and streaming your media on-the-fly to any device
    </description>
    <disclaimer>

    </disclaimer>
    <platform>all</platform>
    <news>
119
- Update to 3.4.1.6
- Add script (emby-update) to update Emby

118
- Update to 3.3.0.0
- Moved ffmpegx to ffmpeg-tools add-on

117
- Update to 3.2.34.0
- Use reworked ffmpegx

116
- Update to verson 3.2.27.0
- Rename to Emby Server

115
- Update to version 3.2.26.0

114
- Update to version 3.2.17.0
- Rebuild libx264, ffmpegx and imagemagick
- Use ffmpgex by default

113:
- Update to version 3.2.8
- Rebuild x264 and ffmpegx

112:
- Refer to libMagickWand-7

111:
- Updated to version 3.2.5
- Rebuild libx264, ffmpegx and imagemagick

110:
- Rebuild ffmpegx with libx264

109:
- Rebuild ffmpgex and imagemagick

108:
- Update to version 3.0.8500

107:
- Update to version 3.0.8300
- Rebuild ffmpegx

106:
- Updat to version 3.0.8100
- Rebuild ffmpegx

105:
- Update to version 3.0.7100

104:
- Update to version 3.0.6300
- Rebuild ffmpegx

103:
- Update to version 3.0.6070
- Build for all architectures
- Refer to libsqlite3.so.0 instead of libsqlite3.so

102:
- Update to version 3.0.6030
- Add dedicated ffmpeg and ffprobe
- Remove unused shared libraries

101:
- Update to version 3.0.5985
- Removed mono build dependency

100:
- Initial release
    </news>
    <assets>
      <icon>resources/icon.png</icon>
      <fanart>resources/fanart.png</fanart>

    </assets>
  </extension>
</addon>
