<?xml version="1.0" encoding="UTF-8"?>
<addon id="audiodecoder.timidity" version="2.0.1.3" name="Timidity Audio Decoder" provider-name="spiff">
  <requires>
    <import addon="kodi.binary.global.main" version="1.0.13"/>
    <import addon="kodi.binary.global.general" version="1.0.3"/>
    <import addon="kodi.binary.global.filesystem" version="1.0.2"/>
    <import addon="kodi.binary.instance.audiodecoder" version="2.0.0"/>
  </requires>
  <extension point="kodi.audiodecoder" name="mid" extension=".mid|.kar" library_linux="audiodecoder.timidity.so.2.0.1"/>
  <extension point="xbmc.addon.metadata">
    <summary lang="en">Timidity Audio Decoder</summary>
    <description lang="en">Timidity MIDI Audio Decoder</description>
    <platform>linux</platform>
  </extension>
</addon>
