<?xml version="1.0" encoding="UTF-8" standalone="yes"?>
<addon id="virtual.multimedia-tools"
       name="Multimedia Tools"
       version="9.0.108"
       provider-name="Team CoreELEC">
  <requires>
    <import addon="xbmc.python" version="2.1.0"/>

  </requires>
  <extension point="xbmc.python.script" library="default.py">
    <provides></provides>
  </extension>
  <extension point="xbmc.addon.metadata">
    <summary>A bundle of multimedia tools and programs</summary>
    <description>
This bundle currently includes alsamixer, mediainfo, mesa-demos, mpg123, opencaster, squeezelite, tsdecrypt and tstools.
    </description>
    <disclaimer>

    </disclaimer>
    <platform>all</platform>
    <news>
108
- Update alsamixer to 1.1.6
- Update mediainfo to 18.05
- Update mpg123 to 1.25.10
- Update squeezelite to b2ed99e
- Update tstools to db1f79f

107
- squeezelite: support all possible media formats

106
- Update squeezelite to 33cca7e
- Update Mediainfo to 17.10

105
- rebuild

104
- squeezelite: update to a3d95ec and link audio libraries

103
- Add alsamixer
- Update mpg123 to 1.23.6
- Update squeezelite to 33cca7e

102
- Remove IR support from squeezelite

101
- Add mpg123 and squeezelite

100
- Initial Release
    </news>
    <assets>
      <icon>resources/icon.png</icon>
      <fanart>resources/fanart.png</fanart>

    </assets>
  </extension>
</addon>
