<?xml version="1.0" ?>
<buttonmap>
    <device name="Xbox Wireless Controller" provider="android" vid="045E" pid="02FD" buttoncount="11" hatcount="1" axiscount="6">
        <controller id="game.controller.default">
            <feature name="a" button="0" />
            <feature name="b" button="1" />
            <feature name="back" button="4" />
            <feature name="down" hat="h0down" />
            <feature name="left" hat="h0left" />
            <feature name="leftbumper" button="7" />
            <feature name="leftstick">
                <up axis="-1" />
                <down axis="+1" />
                <right axis="+0" />
                <left axis="-0" />
            </feature>
            <feature name="leftthumb" button="9" />
            <feature name="lefttrigger" axis="+5" />
            <feature name="right" hat="h0right" />
            <feature name="rightbumper" button="8" />
            <feature name="rightstick">
                <up axis="-3" />
                <down axis="+3" />
                <right axis="+2" />
                <left axis="-2" />
            </feature>
            <feature name="rightthumb" button="10" />
            <feature name="righttrigger" axis="+4" />
            <feature name="start" button="6" />
            <feature name="up" hat="h0up" />
            <feature name="x" button="2" />
            <feature name="y" button="3" />
        </controller>
    </device>
</buttonmap>
