{
	"type":"object",
	"script" : "rainbow-mood.py",
	"title":"edt_eff_rainbowmood_header",
	"required":true,
	"properties":{
		"rotation-time": {
			"type": "number",
			"title":"edt_eff_rotationtime",
			"default": 60.0,
			"minimum" : 1.0,
			"append" : "edt_append_s",
			"propertyOrder" : 1
		},
		"brightness": {
			"type": "number",
			"title":"edt_eff_brightness",
			"default": 100,
			"minimum" : 1,
			"maximum" : 100,
			"step" : 10,
			"append" : "edt_append_percent",
			"propertyOrder" : 2
		},
		"saturation": {
			"type": "number",
			"title":"edt_eff_saturation",
			"default": 100,
			"minimum" : 1,
			"maximum" : 100,
			"step" : 10,
			"append" : "edt_append_percent",
			"propertyOrder" : 3
		},
		"reverse": {
			"type": "boolean",
			"title":"edt_eff_reversedirection",
			"default": false,
			"propertyOrder" : 4
		}
	},
	"additionalProperties": false
}
