<?xml version="1.0" encoding="UTF-8" standalone="yes"?>
<addon id="virtual.dvb-tools"
       name="DVB Tools"
       version="9.0.104"
       provider-name="Team LibreELEC">
  <requires>
    <import addon="os.libreelec.tv" version="9.0"/>
    <import addon="xbmc.python" version="2.1.0"/>

  </requires>
  <extension point="xbmc.python.script" library="default.py">
    <provides></provides>
  </extension>
  <extension point="xbmc.addon.metadata">
    <summary>DVB-Tools: is a bundle of dvb tools and programs</summary>
    <description>
This bundle currently includes blindscan-s2, dvb-apps, dvblast, dvbsnoop, mumudvb, szap-s2, tune-s2 and w_scan.
    </description>
    <disclaimer>

    </disclaimer>
    <platform>all</platform>
    <news>
104
- remove dvb-fe-tool, it's already included in the image
- updated MuMuDVB to a09373d
- update dvblast to 77cfaa8

103
- added blindscan-s2
- added dvbsnoop
- added szap-s2
- added tune-s2
- updated dvb-fe-tool to 1.12.5
- updated MuMuDVB to 596f7db

102
- added MuMuDVB
- updated w_scan to 20170107
- updated dvblast to 3.1
- updated dvb-fe-tool to 1.12.3

101
- added w_scan

100
- Initial Release
    </news>
    <assets>
      <icon>resources/icon.png</icon>
      <fanart>resources/fanart.png</fanart>

    </assets>
  </extension>
</addon>
