<?xml version="1.0" encoding="UTF-8" standalone="yes"?>
<addon id="service.rsyslog"
       name="Rsyslog"
       version="9.0.103"
       provider-name="Team LibreELEC">
  <requires>
    <import addon="os.libreelec.tv" version="9.0"/>
    <import addon="xbmc.python" version="2.1.0"/>

  </requires>
  <extension point="xbmc.service" library="default.py">
    <provides></provides>
  </extension>
  <extension point="xbmc.addon.metadata">
    <summary>Rsyslog: a rocket-fast system for log processing.</summary>
    <description>
Rsyslog (8.21.0) offers high-performance, great security features and a modular design.
    </description>
    <disclaimer>

    </disclaimer>
    <platform>all</platform>
    <news>
8.0.100
- Initial addon

8.0.101
- Add RELP Protocol
- Add ability to compress messages using TCP/UDP protocols
- Update configuration files using newer standards

8.0.102
- Add first run wizard configuration menu
    </news>
    <assets>
      <icon>resources/icon.png</icon>
      <fanart>resources/fanart.png</fanart>

    </assets>
  </extension>
</addon>
