<?xml version="1.0" encoding="UTF-8"?>
<addon id="game.libretro.gw" name="Handheld Electronic (GW)" version="1.6.2.104" provider-name="Libretro">
  <requires>
    <import addon="game.libretro" version="1.0.0"/>
  </requires>
  <extension point="kodi.gameclient" library_linux="game.libretro.gw.so">
    <platforms/>
    <extensions>mgw</extensions>
    <supports_vfs>true</supports_vfs>
    <supports_standalone>false</supports_standalone>
  </extension>
  <extension point="xbmc.addon.metadata">
    <summary lang="en">Handheld Electronic (GW) 1.6.2</summary>
    <description>GW is a Game &amp; Watch simulator.

Supported files: .mgw</description>
    <license>zlib</license>
    <platform>linux</platform>
    <assets>
      <screenshot>resources/screenshot-01.jpg</screenshot>
      <screenshot>resources/screenshot-02.jpg</screenshot>
      <screenshot>resources/screenshot-03.jpg</screenshot>
    </assets>
  </extension>
</addon>
