<?xml version="1.0" encoding="UTF-8" standalone="yes"?>
<addon id="service.touchscreen" name="Touchscreen" version="9.0.102" provider-name="Team CoreELEC">
  <requires><import addon="xbmc.python" version="2.1.0"/>

  </requires>
  <extension point="xbmc.service" library="service.py">
    <provides/>
  </extension>
  <extension point="xbmc.python.pluginsource" library="calibrate.py">
    <provides>executable</provides>
  </extension>
  <extension point="xbmc.addon.metadata">
    <summary>Touchscreen: support addon for Touchscreens</summary>
    <description>
Touchscreen: addon creates new virtual input device and converts data from touchscreen to Kodi. Short tap sends button press event and long tap sends only xy coordinates. Also includes calibration program.
    </description>
    <disclaimer>

    </disclaimer>
    <platform>all</platform>
    <news>
+100
- Initial release
    </news>
    <assets><icon>resources/icon.png</icon><fanart>resources/fanart.png</fanart>
<screenshot>resources/screenshot-001.png</screenshot>
<screenshot>resources/screenshot-002.png</screenshot>
<screenshot>resources/screenshot-003.png</screenshot>
<screenshot>resources/screenshot-004.png</screenshot>

    </assets>
  </extension>
</addon>
