<?xml version="1.0" encoding="UTF-8" standalone="yes"?>
<addon id="driver.dvb.hdhomerun"
       name="HDHomeRun"
       version="9.0.101"
       provider-name="Team LibreELEC">
  <requires>
    <import addon="os.libreelec.tv" version="9.0"/>
    <import addon="xbmc.python" version="2.1.0"/>

  </requires>
  <extension point="xbmc.python.script" library="default.py">
    <provides></provides>
  </extension>
  <extension point="xbmc.addon.metadata">
    <summary>HDHomeRun: a Linux driver to add support for HDHomeRun from silicondust.com</summary>
    <description>
Install this to add support for HDHomeRun devices.
    </description>
    <disclaimer>

    </disclaimer>
    <platform>all</platform>
    <news>
8.0.100
- Update for LibreELEC 8.0

7.0.101
- added proper icon and description

7.0.100
- initial LibreELEC version    </news>
    <assets>
      <icon>resources/icon.png</icon>
      <fanart>resources/fanart.png</fanart>

    </assets>
  </extension>
</addon>
