<?xml version="1.0" encoding="UTF-8" standalone="yes"?>
<addon id="service.lcdd"
       name="LCDproc"
       version="9.0.105"
       provider-name="Team LibreELEC">
  <requires>
    <import addon="os.libreelec.tv" version="9.0"/>
    <import addon="xbmc.python" version="2.1.0"/>

  </requires>
  <extension point="xbmc.service" library="default.py">
    <provides></provides>
  </extension>
  <extension point="xbmc.addon.metadata">
    <summary>LCDproc: Software to display system information from your Linux/*BSD box on a LCD</summary>
    <description>
LCDproc (466edd3) is a piece of software that displays real-time system information from your Linux/*BSD box on a LCD. The server supports several serial devices: Matrix Orbital, Crystal Fontz, Bayrad, LB216, LCDM001 (kernelconcepts.de), Wirz-SLI, Cwlinux(.com) and PIC-an-LCD; and some devices connected to the LPT port: HD44780, STV5730, T6963, SED1520 and SED1330. Various clients are available that display things like CPU load, system load, memory usage, uptime, and a lot more.
    </description>
    <disclaimer>

    </disclaimer>
    <platform>all</platform>
    <news>
104:
- Update to 466edd3

103:
- Update to 0.5.8

102:
- Update to c05a7de
- Reintroduce dm140 driver
- Build with libugpio

101:
- Update to upstream 1554506

100:
- Initial addon
    </news>
    <assets>
      <icon>resources/icon.png</icon>
      <fanart>resources/fanart.png</fanart>

    </assets>
  </extension>
</addon>
