<?xml version="1.0" encoding="UTF-8"?>
<addon id="audiodecoder.asap" version="2.0.0.3" name="ASAP Audio Decoder" provider-name="spiff">
  <requires>
    <import addon="kodi.binary.global.main" version="1.0.13"/>
    <import addon="kodi.binary.global.filesystem" version="1.0.2"/>
    <import addon="kodi.binary.instance.audiodecoder" version="2.0.0"/>
  </requires>
  <extension point="kodi.audiodecoder" name="asap" tags="true" tracks="true" extension=".sap|.asapstream|.cmc|.cmr|.dmc|.mpt|.mpd|.rmt|.tmc|.tm8|.tm2|.cms|.cm3|.dlt" library_linux="audiodecoder.asap.so.2.0.0"/>
  <extension point="xbmc.addon.metadata">
    <summary lang="en">ASAP Audio Decoder</summary>
    <description lang="en">ASAP Audio Decoder</description>
    <platform>linux</platform>
  </extension>
</addon>
